,time_in_hospital,num_lab_procedures,num_procedures,num_medications,number_outpatient,number_emergency,number_inpatient,number_diagnoses,readmitted_30_days
time_in_hospital,1.0,0.3321882267223534,0.18837609743408384,0.4679944934967895,-0.015477019674596675,-0.0099846965046099,0.06403771255689687,0.23383574310087596,0.05582422800297518
num_lab_procedures,0.3321882267223534,1.0,0.04380018899656283,0.2590047674770527,-0.007948306397544704,0.015501811915391269,0.07972977881239683,0.15396306407512694,0.03206299361920262
num_procedures,0.18837609743408384,0.04380018899656283,1.0,0.40087042314604104,-0.018691658445210986,-0.03534716130283512,-0.023675259940319292,0.08642640514235028,-0.00027992662135473216
num_medications,0.4679944934967895,0.2590047674770527,0.40087042314604104,1.0,0.02704552752012896,0.003196289660820736,0.03941257880106909,0.259248098215634,0.036198112513071076
number_outpatient,-0.015477019674596675,-0.007948306397544704,-0.018691658445210986,0.02704552752012896,1.0,0.09480854295592288,0.068737055352643,0.07716824182412874,0.008633454522651865
number_emergency,-0.0099846965046099,0.015501811915391269,-0.03534716130283512,0.003196289660820736,0.09480854295592288,1.0,0.14774938276926927,0.04992652628691553,0.02802231579331536
number_inpatient,0.06403771255689687,0.07972977881239683,-0.023675259940319292,0.03941257880106909,0.068737055352643,0.14774938276926927,1.0,0.0698851924118743,0.10027756100976963
number_diagnoses,0.23383574310087596,0.15396306407512694,0.08642640514235028,0.259248098215634,0.07716824182412874,0.04992652628691553,0.0698851924118743,1.0,0.04560962387791322
readmitted_30_days,0.05582422800297518,0.03206299361920262,-0.00027992662135473216,0.036198112513071076,0.008633454522651865,0.02802231579331536,0.10027756100976963,0.04560962387791322,1.0
